id;nombre;web;email
1;mobile Fish;Home Loan Account Table Computer;
2;alarm;Tasty Metal Bacon;
3;Money Market Account;Albania web-readiness;
4;zero administration;Multi-channelled Licensed;
5;Canyon HDD;Table Small Frozen Sausages Planner;
6;Nakfa;Bahamian Dollar Investment Account;
7;invoice;convergence;
8;synthesizing Views e-enable;Credit Card Account National Awesome;
9;compress South Georgia and the South Sandwich Islands;compelling mission-critical;nsv@ckefmag80mik5y3nez7bq9omxlp-k4vy.bym
10;Small;deliverables reinvent 24 hour;s8al7hczfxeyk@1fuq-n-t514f31agn3zfb37jutpu-.puu
